Día;Perfil;Pilar;Pain;Tema;Formato;Hora;Estado;Prueba
Lun 12;Visual Trans;Noticia;—;DeCA, primera semana: quién responde si falta (cargador y transportista) y copia al conductor antes del servicio;carrusel;09:00;NUEVO;E-C1 (A), E-R1 (cifra)
Lun 12;Emma;Noticia;—;Conxemar: las conversaciones que se repitieron en el stand;imagen;09:00;MANTENER;—
Lun 12;Enrique;Noticia;—;CMA CGM: recargo de combustible en transporte terrestre hasta el 18,5 % desde el 5/10 (VERIFICAR fuente);imagen;09:00;NUEVO;E-R1 (cifra)
Mar 13;Visual Trans;Noticia;—;eCMR vs DeCA: qué cambia y qué no (aclaración de la duda de la semana);infografía;09:00;RETOCAR;E-R1 (pregunta)
Mar 13;Emma;Éxito;—;CASO DE ÉXITO — pendiente Adrián;—;—;HUECO;—
Mar 13;Cecilio;Noticia;—;DeCA en cifras: 401 €, 2.001 € y hasta 20.000 € por reincidencia;carrusel de datos;09:00;NUEVO;—
Mar 13;Laura;Noticia;—;"""Papel en la guantera, por si acaso"": una semana después del DeCA";texto corto;09:00;RETOCAR;—
Mié 14;Visual Trans;Pain;6;Cuando tu proveedor tarda meses en adaptar el software;carrusel;09:00;RETOCAR;E-C2 (A: carrusel)
Mié 14;Cecilio;Éxito;—;CASO DE ÉXITO — pendiente Adrián;—;—;HUECO;—
Mié 14;Enrique;Pain;13;Licencia perpetua, obsolescencia garantizada;texto largo;09:00;MANTENER;—
Jue 15;Visual Trans;Noticia;—;"Capacidad marítima en octubre: reservar con semanas de margen (Maersk/APR; VERIFICAR)";imagen + texto corto;12:30;NUEVO;E-C1 (B)
Jue 15;Emma;Pain;5;Documentación que vive en el correo;imagen;09:00;MANTENER;—
Jue 15;Enrique;Noticia;—;Lo que cambió esta semana en aduanas y transporte (DeCA, recargo, acero UE);texto largo;09:00;NUEVO;E-R1 (pregunta)
Jue 15;Laura;Éxito;—;CASO DE ÉXITO — pendiente Adrián;—;—;HUECO;—
Vie 16;Cecilio;Pain;11;Sin cotización formal, no hay control de rentabilidad;infografía;09:00;MANTENER;—
Vie 16;Laura;Pain;3 → revisar;El tiempo en tareas que no deberían existir (el pain 3 ya llevaría 3 apariciones en octubre: se propone cambiar a 19);texto corto;09:00;RETOCAR;—
